k,silhouette,inercia
5,0.14051377773284912,5868.1201171875
10,0.11708240956068039,5315.49072265625
15,0.12705744802951813,5012.46484375
20,0.12126225978136063,4786.296875
25,0.1073097288608551,4629.060546875
30,0.10630098730325699,4484.5615234375
35,0.11982309073209763,4355.52490234375
40,0.13299940526485443,4266.74658203125
45,0.12678369879722595,4147.34619140625
50,0.12959721684455872,4059.115966796875
55,0.1362536996603012,3972.301025390625
60,0.13984885811805725,3895.735595703125
65,0.13573898375034332,3817.998779296875
70,0.14617502689361572,3753.37353515625
75,0.14784660935401917,3692.13232421875
80,0.15134382247924805,3626.392822265625
85,0.15699486434459686,3571.385009765625
90,0.15114015340805054,3529.196533203125
95,0.15242189168930054,3481.526611328125
100,0.1687934696674347,3427.561279296875
105,0.16230759024620056,3373.31201171875
110,0.16934259235858917,3327.59033203125
115,0.16922706365585327,3292.3232421875
120,0.16722415387630463,3259.615234375
125,0.1788637489080429,3207.817626953125
130,0.18278943002223969,3168.61328125
135,0.18106722831726074,3136.24072265625
140,0.18189465999603271,3092.006103515625
145,0.18603366613388062,3060.93896484375
150,0.19173087179660797,3026.51904296875
