id,tipo,nome,cluster,x,y
CNCT_37,CNCT,Técnico em Manutenção Aeronáutica em Aviônicos,57,2.312532,-1.5109093
CNCT_38,CNCT,Técnico em Manutenção Aeronáutica em Célula,57,2.2425108,-1.463143
CNCT_39,CNCT,Técnico em Manutenção Aeronáutica em Grupo Motopropulsor,57,2.2378213,-1.4283757
CNCT_103,CNCT,Técnico Aeroportuário,57,2.2735617,-1.4920708
CNCT_191,CNCT,Técnico em Bombeiro Aeronáutico,57,2.0797107,-1.4181818
CNCT_192,CNCT,Técnico em Comunicações Aeronáuticas,57,2.2846088,-1.4619762
CNCT_193,CNCT,Técnico em Controle de Tráfego Aéreo,57,2.3403897,-1.520869
CNCT_195,CNCT,Técnico em Eletricidade e Instrumentos Aeronáuticos,57,2.2667794,-1.4921039
CNCT_196,CNCT,Técnico em Equipamentos de Voo,57,2.2980304,-1.5044843
CNCT_197,CNCT,Técnico em Estrutura e Pintura de Aeronaves,57,2.2216582,-1.5327157
CNCT_200,CNCT,Técnico em Informações Aeronáuticas,57,2.3091407,-1.502749
CNCT_202,CNCT,Técnico em Mecânica de Aeronaves ,57,2.2747977,-1.4994581
CNCT_203,CNCT,Técnico em Suprimento,57,2.1726272,-1.323493
CNCT_205,CNCT,Técnico em Controle de Tráfego Aéreo,57,2.3571906,-1.5287793
CNCT_206,CNCT,Técnico em Estrutura e Pintura de Aeronaves,57,2.2697117,-1.546738
