cluster,total,cnct,cbo,misto
0,16,1,15,True
1,25,0,25,False
2,8,1,7,True
3,29,0,29,False
4,8,0,8,False
5,37,0,37,False
6,41,0,41,False
7,83,0,83,False
8,45,1,44,True
9,24,0,24,False
10,64,1,63,True
11,37,0,37,False
12,54,0,54,False
13,40,0,40,False
14,22,3,19,True
15,51,0,51,False
16,48,0,48,False
17,55,2,53,True
18,54,1,53,True
19,67,5,62,True
20,31,0,31,False
21,97,85,12,True
22,31,1,30,True
23,30,0,30,False
24,26,11,15,True
25,10,0,10,False
26,39,0,39,False
27,44,16,28,True
28,19,0,19,False
29,59,10,49,True
30,28,1,27,True
31,43,2,41,True
32,123,0,123,False
33,32,0,32,False
34,68,0,68,False
35,70,1,69,True
36,39,0,39,False
37,23,1,22,True
38,15,0,15,False
39,7,0,7,False
40,8,0,8,False
41,39,1,38,True
42,25,1,24,True
43,10,0,10,False
44,25,5,20,True
45,9,0,9,False
46,86,2,84,True
47,20,0,20,False
48,39,0,39,False
49,46,3,43,True
50,41,1,40,True
51,42,0,42,False
52,28,5,23,True
53,18,0,18,False
54,24,0,24,False
55,27,6,21,True
56,11,0,11,False
57,38,0,38,False
58,50,1,49,True
59,47,32,15,True
60,67,0,67,False
61,10,0,10,False
62,26,0,26,False
63,47,0,47,False
64,20,0,20,False
65,17,0,17,False
66,54,0,54,False
67,28,0,28,False
68,17,0,17,False
69,71,0,71,False
70,25,0,25,False
71,18,0,18,False
72,49,0,49,False
73,31,6,25,True
74,23,8,15,True
75,42,1,41,True
76,20,0,20,False
77,53,3,50,True
78,23,0,23,False
79,21,0,21,False
