Curso;Precision@1;Ocupações CNCT;TopK_pred;Matches;Precision@3;Precision@5
Técnico Aeroportuário;0.0;['gerente da administração de aeroportos', 'gerente de empresa aérea em aeroportos', 'supervisor de empresa aérea em aeroportos', 'operador de atendimento aeroviário'];['inspetor de aviação civil'];[];0.0;0.0
Técnico em Administração;0.0;['técnico em administração'];['oficial técnico de inteligência'];[];0.0;0.0
Técnico em Agenciamento de Viagem;1.0;['agente de viagem', 'operador de turismo', 'agente de reservas', 'supervisor de operações turísticas'];['agente de viagem'];[('agente de viagem', 100.0)];0.6666666666666666;0.6
Técnico em Agente Comunitário de Saúde;1.0;['técnico em', 'agente comunitário de saúde'];['técnico em agente comunitário de saúde'];[('técnico em agente comunitário de saúde', 100.0)];0.6666666666666666;0.4
Técnico em Agricultura;0.0;['técnico agrícola'];['agroecólogo'];[];0.3333333333333333;0.2
Técnico em Agrimensura;1.0;['técnico em geodésia e cartografia', 'auxiliar de topógrafo', 'desenhista de cartografia', 'técnico em hidrografia', 'técnico em agrimensura', 'técnico de topografia'];['técnico em agrimensura'];[('técnico em agrimensura', 100.0)];1.0;0.6
Técnico em Agroecologia;0.0;['técnico agrícola'];['agroecólogo'];[];0.3333333333333333;0.2
Técnico em Agroindústria;0.0;['auxiliar de laboratório de análises físico químicas'];['zootecnista'];[];0.0;0.0
Técnico em Agronegócio;0.0;['ocupação ainda não classificada'];['agroecólogo'];[];0.0;0.0
Técnico em Agropecuária;0.0;['técnico agropecuário'];['agroecólogo'];[];0.3333333333333333;0.4
Técnico em Alimentos;1.0;['auxiliar de laboratório de análises físico químicas', 'técnico de alimentos'];['técnico de alimentos'];[('técnico de alimentos', 100.0)];0.3333333333333333;0.2
Técnico em Análises Clínicas;0.0;['técnico de laboratório de análises clínicas', 'técnico de laboratório médico', 'técnico em análises clínicas', 'técnico em patologia clínica', 'técnico de laboratório em patologia clínica'];['técnico em agente comunitário de saúde'];[];0.0;0.0
Técnico em Aquicultura;0.0;['técnico em mitilicultura', 'técnico em piscicultura', 'técnico em carcinicultura', 'técnico em ranicultura'];['agroecólogo'];[];0.0;0.0
Técnico em Arquivo;0.0;['ocupação ainda não classificada'];['arquivista'];[];0.0;0.0
Técnico em Artes Circenses;1.0;['artista de circo outros atirador de facas comedor de espada comedor de fogo pirofagista faquir globista homem bala partner circo pirofagista saltimbanco acrobata artista aéreo contorcionista domador de animais circense equilibrista mágico malabarista palhaço titeriteiro trapezista ventríloquo clown cômico de circo excêntrico tony de soirée apresentador de circo animador de circo apresentador animador de circo apresentador de eventos apresentador de festas populares apresentador de programas de rádio apresentador de programas de televisão'];['artista aéreo'];[('artista aéreo', 100.0)];0.6666666666666666;0.8
Técnico em Artes Visuais;0.0;['ocupação ainda não classificada'];['professor de artes visuais no ensino superior artes plásticas e multimídia'];[];0.0;0.0
Técnico em Artesanato;0.0;['artesão modelador vidros gambista artesão de vidros mestre vidreiro miniaturista artesão de vidros artesão bordador artesão ceramista artesão com material reciclável artesão confeccionador de biojóias e ecojóias artesão do couro artesão escultor artesão moveleiro exceto reciclado artesão tecelão artesão trançador artesão crocheteiro artesão tricoteiro artesão rendeiro'];['engenheiro metalurgista'];[];0.0;0.0
Técnico em Automação Industrial;0.0;['técnico de sistema automação industrial', 'técnico em automação industrial'];['técnico em mecatrônica robótica'];[];0.3333333333333333;0.2
Técnico em Açúcar e Álcool;0.0;['técnico de sistema de tratamento de água', 'técnico em biotecnologia', 'técnico em imunobiológicos', 'técnico de indústria química', 'técnico em curtimento', 'técnico de celulose e papel', 'analista de laboratório químico', 'técnico de desenvolvimento de análise química', 'técnico químico', 'técnico químico industrial', 'técnico de análise química', 'técnico de laboratório exclusive análises clínicas', 'técnico de laboratório de água e esgotos', 'analista químico', 'analista de tratamento de água', 'técnico químico exclusive análises químicas', 'analista de produtos químicos', 'técnico de ciências químicas'];['trabalhador da cultura de cana de açúcar'];[];0.3333333333333333;0.2
Técnico em Biblioteconomia;0.0;['auxiliar de biblioteca', 'técnico em biblioteconomia'];['bibliotecário'];[];0.0;0.2
Técnico em Biocombustíveis;0.0;['ocupação ainda não classificada'];['técnico químico'];[];0.0;0.0
Técnico em Biotecnologia;1.0;['técnico em biotecnologia', 'técnico em imunobiológicos'];['técnico em imunobiológicos'];[('técnico em imunobiológicos', 100.0)];0.6666666666666666;0.4
Técnico em Bombeiro Aeronáutico;0.0;['bombeiro de aeródromo'];['bombeiro civil'];[];0.0;0.2
Técnico em Brinquedoteca;0.0;['ocupação ainda não classificada'];['brinquedista'];[];0.0;0.0
Técnico em Cafeicultura;0.0;['técnico agrícola', 'técnico de alimentos'];['agroecólogo'];[];0.0;0.2
Técnico em Calçados;1.0;['técnico em calçados e artefatos de couro', 'técnico em confecções do vestuário modelista de calçados'];['supervisor indústria de calçados e artefatos de couro'];[('supervisor indústria de calçados e artefatos de couro', 84.05797101449275)];0.3333333333333333;0.2
Técnico em Canto;0.0;['ocupação ainda não classificada'];['músico regente'];[];0.0;0.0
Técnico em Carpintaria;0.0;['técnico madeireiro', 'técnico em madeira'];['vidraceiro'];[];0.0;0.0
Técnico em Celulose e Papel;1.0;['técnico em curtimento colorista têxtil preparador de tintas', 'técnico de celulose e papel colorista de papel', 'técnico químico'];['técnico de celulose e papel'];[('técnico de celulose e papel', 100.0)];0.3333333333333333;0.2
Técnico em Cenografia;0.0;['3742 técnicos em cenografia cenotécnico cinema vídeo televisão teatro e espetáculos maquinista de cinema e vídeo maquinista de teatro e espetáculos'];['cenógrafo de eventos'];[];0.0;0.0
Técnico em Cerâmica;0.0;['técnico em materiais produtos cerâmicos e vidros', 'técnico em cerâmica', 'técnico ceramista', 'técnico em vidros'];['supervisor de fabricação de produtos cerâmicos porcelanatos e afins'];[];0.3333333333333333;0.2
Técnico em Citopatologia;0.0;['técnico em citopatologia', 'citotécnico citotecnologista'];['técnico em agente comunitário de saúde'];[];0.0;0.0
Técnico em Composição e Arranjo;0.0;['ocupação ainda não classificada'];['compositor'];[];0.0;0.0
Técnico em Computação Gráfica;0.0;['3171 20 desenvolvedor multimídia'];['editor de mídia audiovisual'];[];0.0;0.0
Técnico em Comunicações Aeronáuticas;0.0;['técnico de manutenção de equipamento de transmissão', 'técnico de rede telecomunicações', 'técnico de telecomunicações telefonia', 'técnico em transmissões'];['controlador de tráfego aéreo'];[];0.0;0.0
Técnico em Comunicações Navais;0.0;['ocupação ainda não classificada'];['praça da marinha'];[];0.0;0.0
Técnico em Comércio;0.0;['comerciante atacadista comerciante varejista', 'técnico em atendimento e vendas comprador representante comercial autônomo vendedor em comércio atacadista promotor de vendas'];['analista de transporte em comércio exterior'];[];0.3333333333333333;0.6
Técnico em Comércio Exterior;1.0;['analista de transporte em comércio exterior despachante aduaneiro', 'analista de exportação e importação', 'técnico em administração de comércio exterior'];['ajudante de despachante aduaneiro'];[('ajudante de despachante aduaneiro', 84.21052631578948)];1.0;1.0
Técnico em Condomínio;0.0;['administrador de edifícios'];['dirigente de entidade de trabalhadores'];[];0.0;0.0
Técnico em Confeitaria;0.0;['auxiliar de confeitaria'];['agroecólogo'];[];0.0;0.0
Técnico em Conservação e Restauro;0.0;['restaurador de livros e documentos'];['conservador restaurador de bens culturais'];[];0.0;0.0
Técnico em Construção Naval;0.0;['técnico naval', 'técnico aeronáutico'];['técnico mecânico embarcações'];[];0.0;0.0
Técnico em Contabilidade;1.0;['técnico consultor contábil', 'técnico de contabilidade chefe de contabilidade'];['auxiliar de contabilidade'];[('auxiliar de contabilidade', 78.04878048780488)];0.6666666666666666;0.4
Técnico em Controle Ambiental;0.0;['técnico de gestão do meio ambiente', 'técnico de controle de meio ambiente', 'técnico de saneamento e controle ambiental'];['biólogo em saúde'];[];0.0;0.0
Técnico em Controle de Tráfego Aéreo;0.0;['controlador de tráfego aéreo'];['piloto de aeronaves'];[];0.3333333333333333;0.4
Técnico em Cooperativismo;0.0;['ocupação ainda não classificada'];['agente de inteligência'];[];0.0;0.0
Técnico em Cuidados de Idosos;0.0;['cuidador de idosos acompanhante de idosos cuidador de idosos domiciliar cuidador de idosos institucional cuidador de pessoas idosas e dependentes gero sitter'];['técnico em agente comunitário de saúde'];[];0.3333333333333333;0.2
Técnico em Curtimento;1.0;['técnico químico em couro', 'supervisor de curtimento', 'técnico em curtimento', 'supervisor de primeira linha curtidor couros e peles', 'técnico químico em curtimento', 'operador de enxugador couros', 'operador de fulão', 'auxiliar de curtimento curtidor de couro depilador de couros e peles enxugador de couros e peles classificador de couros enxugador de couros rebaixador de couros'];['técnico em curtimento'];[('técnico em curtimento', 100.0)];0.6666666666666666;0.4
Técnico em Dança;1.0;['dançarino tradicional bailarino de danças folclóricas dançarino brincante dançarino de danças de raiz dançarino de danças folclóricas dançarino de danças rituais folgazão sambista dançarino popular bailarinos de danças parafolclóricas bailarinos étnicos bailarinos populares dançarino de rua dançarino de salão dançarinos de danças parafolclóricas dançarinos étnicos dançarinos populares'];['dançarino popular'];[('dançarino popular', 100.0)];0.6666666666666666;0.6
Técnico em Defesa Civil;0.0;['gerente de riscos e seguros', 'técnico em segurança do trabalho'];['agente de proteção e defesa civil'];[];0.0;0.0
Técnico em Dependência Química;0.0;['monitor de dependente químico conselheiro de dependente químico consultor em dependência química'];['técnico em agente comunitário de saúde'];[];0.0;0.0
Técnico em Desenho Militar;0.0;['desenhista projetista de construção civil', 'desenhista detalhista', 'técnico construção civil'];['oficial da aeronáutica'];[];0.3333333333333333;0.4
Técnico em Desenho de Construção Civil;0.0;['técnico construção civil', 'operador de cad copista', 'desenhista projetista de arquitetura', 'técnico cartografia', 'técnico instalações hidrossanitárias', 'desenhista detalhista cad', 'desenhista detalhista', 'desenhista de arquitetura', 'técnico de arquitetura', 'técnico arquitetura cadista', 'desenhista projetista de construção civil', 'desenhista copista'];['técnico de obras civis'];[];0.6666666666666666;0.6
Técnico em Desenvolvimento Comunitário;0.0;['socioeducador educador social', 'agente de proteção social básica'];['arqueólogo'];[];0.0;0.0
Técnico em Desenvolvimento de Sistemas;1.0;['desenvolvedor de sistemas de tecnologia da informação'];['desenvolvedor de sistemas de tecnologia da informação técnico'];[('desenvolvedor de sistemas de tecnologia da informação técnico', 100.0)];0.3333333333333333;0.2
Técnico em Design Gráfico;0.0;['técnico de embalagens maquetes e leiautes', 'técnico de artes gráficas', 'técnico em programação visual', 'técnico artes gráficas arte finalista', 'técnico ilustrações técnicas', 'técnico mobiliário', 'técnico de arte final', 'técnico gráfico', 'técnico ilustrações artísticas', 'técnico indústria têxtil'];['desenhista industrial gráfico designer gráfico'];[];0.0;0.0
Técnico em Design de Calçados;0.0;['modelista de calçados'];['desenhista industrial de produto de moda designer de moda'];[];0.3333333333333333;0.4
Técnico em Design de Embalagens;0.0;['técnico de embalagens maquetes e leiautes', 'desenhista de embalagens', 'desenhista maquetista', 'desenhista de leiautes'];['desenhista industrial gráfico designer gráfico'];[];0.0;0.0
Técnico em Design de Interiores;0.0;['operador de cad copista', 'designer de interiores', 'desenhista copista cad', 'desenhista detalhista', 'desenhista copista copista de croqui designer de vitrines visual merchandiser decorador de eventos'];['decorador de interiores de nível superior'];[];0.3333333333333333;0.2
Técnico em Design de Joias;0.0;['artesão confeccionador de biojóias e ecojóias avaliador de joias cravador de joias cravejador de joias engastador joias gravador de joias joalheiro na confecção de bijuterias e joias de fantasia trabalhador de confecções de bijuterias e joias de fantasia'];['lapidador joias'];[];0.3333333333333333;0.4
Técnico em Design de Moda;0.0;['ocupação ainda não classificada'];['desenhista industrial de produto de moda designer de moda'];[];0.0;0.0
Técnico em Design de Móveis;1.0;['técnico mobiliário', 'desenhista de móveis projetista de móveis maquetista na marcenaria marceneiro modelador de madeira tanoeiro'];['projetista de móveis'];[('projetista de móveis', 100.0)];0.3333333333333333;0.4
Técnico em Edificações;1.0;['técnico orçamentista de obras na construção civil', 'inspetor de obras', 'desenhista detalhista cad', 'técnico de arquitetura', 'técnico arquitetura cadista', 'desenhista copista', 'técnico de manutenção de obras', 'técnico em canteiro de obras de construção civil', 'técnico instalações hidrossanitárias', 'técnico de edificações estradas e saneamento', 'fiscal de medição obras civis', 'técnico de engenharia construção civil', 'desenhista detalhista', 'auxiliar de manutenção predial', 'técnico de planejamento de obras', 'técnico de', 'técnico em laboratório e campo de construção civil', 'analista de custos construção civil', 'técnico em desenho de construção civil', 'técnico de obras civis assistente de engenharia construção civil', 'técnico de obras', 'técnico de construção civil', 'técnico de edificações'];['técnico de obras civis'];[('técnico de obras civis', 100.0)];0.6666666666666666;0.4
Técnico em Eletricidade e Instrumentos Aeronáuticos;0.0;['mecânico de manutenção de aeronaves em geral'];['montador de equipamentos eletrônicos estação de rádio tv e equipamentos de radar'];[];0.0;0.0
Técnico em Eletroeletrônica;0.0;['reparador de equipamentos elétricos e eletrônicos montador de equipamentos elétricos montador de equipamentos eletrônicos'];['eletricista de manutenção eletroeletrônica'];[];0.0;0.0
Técnico em Eletromecânica;1.0;['técnico de instalações eletromecânicas'];['técnico em eletromecânica'];[('técnico em eletromecânica', 76.19047619047619)];0.3333333333333333;0.2
Técnico em Eletrotécnica;1.0;['eletrotécnico eletrotécnico produção de energia eletrotécnico na fabricação montagem e instalação de máquinas e equipamentos', 'técnico de manutenção elétrica de máquina', 'técnico de manutenção elétrica', 'desenhista projetista de eletricidade', 'técnico eletricista'];['técnico de manutenção elétrica'];[('técnico de manutenção elétrica', 100.0)];1.0;0.8
Técnico em Eletrônica;1.0;['técnico em manutenção de equipamentos de informática', 'técnico eletrônico', 'técnico de manutenção eletrônica', 'técnico de manutenção eletrônica circuitos de máquinas com comando numérico'];['técnico eletrônico'];[('técnico eletrônico', 100.0)];1.0;0.8
Técnico em Enfermagem;0.0;['técnico de enfermagem do trabalho', 'auxiliar de enfermagem do trabalho', 'auxiliar de enfermagem em saúde ocupacional', 'auxiliar de ambulatório', 'auxiliar de obstetrícia', 'auxiliar de ginecologia', 'auxiliar de enfermagem em saúde mental', 'técnico de enfermagem psiquiátrica', 'técnico de enfermagem em saúde mental', 'auxiliar de enfermagem de saúde pública', 'técnico de enfermagem em saúde ocupacional', 'auxiliar de enfermagem em nefrologia', 'auxiliar de saúde navegação marítima', 'auxiliar de enfermagem da estratégia de saúde da família', 'auxiliar de enfermagem de central de material esterelizado cme', 'auxiliar de enfermagem de centro cirúrgico', 'auxiliar de enfermagem de hospital', 'técnico de enfermagem da estratégia de saúde da família', 'técnico de enfermagem de terapia intensiva instrumentador cirúrgico', 'auxiliar de parteira', 'auxiliar de hipodermia', 'técnico em hemotransfusão', 'técnico de enfermagem', 'auxiliar de enfermagem ocupacional', 'auxiliar em hemotransfusão', 'auxiliar de enfermagem em hemodiálise', 'auxiliar de oftalmologia', 'técnico de enfermagem ocupacional', 'auxiliar de enfermagem', 'auxiliar de enfermagem de clínica médica', 'auxiliar de enfermagem em home care'];['técnico em agente comunitário de saúde'];[];0.6666666666666666;0.4
Técnico em Equipamentos Biomédicos;0.0;['técnico em manutenção de equipamentos e instrumentos médico hospitalares'];['engenheiro biomédico'];[];0.3333333333333333;0.2
Técnico em Equipamentos de Voo;0.0;['agente de segurança'];['marinheiro auxiliar de convés marítimo e aquaviario'];[];0.0;0.0
Técnico em Estilismo e Coordenação de Moda;0.0;['ocupação ainda não classificada'];['produtor de moda'];[];0.0;0.0
Técnico em Estradas;1.0;['técnico de transporte ferroviário', 'técnico de engenharia obras de infra estrutura de estrada', 'técnico em obras de infra estrutura de estradas', 'técnico de inspeção e especificação de materiais e equipamentos de construção de estradas', 'técnico de conservação de estradas caminhos e pontes', 'técnico em construção civil de obras de infra estrutura de estradas', 'técnico de estradas topógrafo assistente', 'técnico de construção de estradas'];['técnico de obras civis'];[('técnico de obras civis', 84.21052631578948)];0.6666666666666666;0.4
Técnico em Estrutura e Pintura de Aeronaves;0.0;['chapeador de aeronaves montador de estruturas de aeronaves'];['inspetor de ensaios não destrutivos'];[];0.0;0.0
Técnico em Estética;1.0;['técnico em estética', 'esteticista esteticista corporal esteticista facial'];['esteticista'];[('esteticista', 100.0)];0.3333333333333333;0.2
Técnico em Eventos;1.0;['organizador de evento cerimonialista'];['organizador de evento'];[('organizador de evento', 100.0)];0.6666666666666666;0.4
Técnico em Fabricação Mecânica;0.0;['mecânico na manutenção de ferramentas', 'mecânico na fabricação de ferramentas', 'técnico de processo de fabricação', 'técnico em caldeiraria'];['técnico em borracha'];[];0.0;0.2
Técnico em Fabricação de Instrumentos Musicais;1.0;['confeccionador de instrumentos de percussão pele couro ou plástico confeccionador de tambores música afinador de instrumentos musicais confeccionador de acordeão confeccionador de instrumentos de corda confeccionador de instrumentos de sopro madeira confeccionador de instrumentos de sopro metal confeccionador de órgão confeccionador de piano'];['reparador de instrumentos musicais'];[('reparador de instrumentos musicais', 82.75862068965517)];0.3333333333333333;0.4
Técnico em Farmácia;0.0;['técnico em farmácia', 'técnico em laboratório de farmácia'];['farmacêutico em saúde pública'];[];0.0;0.0
Técnico em Ferramentaria;0.0;['ferramenteiro ferramenteiro de mandris calibradores e outros dispositivos'];['encarregado de acabamento de chapas e metais têmpera'];[];0.0;0.0
Técnico em Figurino Cênico;0.0;['modelista de roupas moldador de roupas'];['dançarino popular'];[];0.0;0.0
Técnico em Finanças;0.0;['técnico de operações e serviços bancários leasing', 'técnico de operações e serviços bancários crédito rural', 'técnico de operações e serviços bancários crédito imobiliário', 'técnico de operações e serviços bancários câmbio'];['diretor financeiro'];[];0.0;0.0
Técnico em Florestas;1.0;['técnico florestal', 'técnico em madeira'];['técnico florestal'];[('técnico florestal', 100.0)];0.3333333333333333;0.4
Técnico em Fotointeligência;0.0;['técnico em geodésia e cartografia'];['operador de aeronaves não tripuladas'];[];0.0;0.0
Técnico em Fruticultura;0.0;['técnico agrícola', 'técnico de alimentos'];['agroecólogo'];[];0.3333333333333333;0.2
Técnico em Fundição;0.0;['operador de equipamentos de preparação de areia forneiro e', 'técnico de fundição em siderurgia modelador de madeira polidor de metais', 'operador de acabamento de peças fundidas', 'operador refino de metais não ferrosos forneiro de fundição forno de redução', 'operador de máquina centrifugadora de fundição'];['moldador em fundição a máquina'];[];0.3333333333333333;0.6
Técnico em Gastronomia;0.0;['cozinheiro em geral'];['cozinheiro de hospital'];[];0.0;0.2
Técnico em Geodésia e Cartografia;0.0;['técnico em geodésia e cartografia', 'desenhista de cartografia', 'técnico em hidrografia', 'técnico em agrimensura', 'técnico de topografia', 'técnico cartografia'];['engenheiro agrimensor'];[];0.0;0.4
Técnico em Geologia;0.0;['técnico em geologia', 'técnico em pesquisa mineral', 'técnico em geoquímica', 'técnico em geofísica', 'técnico em geotecnia'];['técnico de mineração'];[];0.3333333333333333;0.2
Técnico em Geoprocessamento;0.0;['técnico em geodésia e cartografia', 'desenhista de cartografia', 'técnico em hidrografia', 'técnico em agrimensura', 'técnico de topografia', 'técnico cartografia'];['engenheiro agrimensor'];[];0.0;0.2
Técnico em Gerência em Saúde;0.0;['ocupação ainda não classificada'];['técnico em agente comunitário de saúde'];[];0.0;0.0
Técnico em Guarda e Segurança;0.0;['agente de segurança'];['oficial da aeronáutica'];[];0.0;0.0
Técnico em Guia de Turismo;1.0;['guia de turismo'];['guia de turismo'];[('guia de turismo', 100.0)];0.6666666666666666;0.4
Técnico em Hemoterapia;1.0;['técnico em hemoterapia'];['técnico em hemoterapia'];[('técnico em hemoterapia', 100.0)];0.3333333333333333;0.2
Técnico em Hidrografia;1.0;['técnico em hidrografia'];['técnico em hidrografia'];[('técnico em hidrografia', 100.0)];0.3333333333333333;0.2
Técnico em Hidrologia;0.0;['técnico em hidrografia', 'técnico em geodésia e cartografia topógrafo', 'técnico de hidrografia hidrotécnico', 'técnico em agrimensura'];['engenheiro agrimensor'];[];0.0;0.2
Técnico em Hospedagem;0.0;['recepcionista de hotel governanta de hotelaria mordomo de hotelaria'];['concierge'];[];0.0;0.2
Técnico em Imagem Pessoal;0.0;['ocupação ainda não classificada'];['influenciador digital'];[];0.0;0.0
Técnico em Imobilizações Ortopédicas;1.0;['técnico de imobilização ortopédica', 'técnico em gesso ortopédico', 'técnico em imobilizações gessadas', 'técnico engessador', 'técnico gessista', 'técnico em imobilizações do aparelho locomotor', 'técnico em aparelho gessado', 'técnico em gesso hospitalar'];['técnico de imobilização ortopédica'];[('técnico de imobilização ortopédica', 100.0)];0.3333333333333333;0.2
Técnico em Informações Aeronáuticas;0.0;['agente de segurança'];['inspetor de aviação civil'];[];0.0;0.0
Técnico em Informática;0.0;['3171 técnicos de desenvolvimento de sistemas e aplicações 3172 técnicos em operação e monitoração de computadores'];['administrador de redes'];[];0.0;0.0
Técnico em Informática para Internet;0.0;['desenvolvedor de sistemas de tecnologia da informação'];['desenvolvedor web técnico'];[];0.3333333333333333;0.2
Técnico em Infraestrutura Escolar;0.0;['trabalhador da manutenção de edificações'];['coordenador pedagógico'];[];0.0;0.0
Técnico em Instrumentação Industrial;1.0;['técnico em calibração encarregado de manutenção de instrumentos de controle medição e similares', 'técnico em instrumentação'];['técnico em instrumentação'];[('técnico em instrumentação', 100.0)];0.3333333333333333;0.2
Técnico em Instrumento Musical;0.0;['ocupação ainda não classificada'];['musicólogo'];[];0.0;0.0
Técnico em Joalheria;0.0;['ocupação ainda não classificada'];['joalheiro reparações'];[];0.0;0.0
Técnico em Laboratório de Ciências da Natureza;0.0;['auxiliar de laboratório de análises físico químicas'];['técnico químico de petróleo'];[];0.0;0.0
Técnico em Logística;0.0;['operador de transporte multimodal controlador de entrada e saída', 'técnico de planejamento de produção'];['tecnólogo em agronegócio'];[];0.0;0.0
Técnico em Manobras e Equipamentos de Convés;0.0;['ocupação ainda não classificada'];['marinheiro auxiliar de convés marítimo e aquaviario'];[];0.0;0.0
Técnico em Manutenção Aeronáutica em Aviônicos;0.0;['técnico aeronáutico', 'técnico em manutenção de aeronaves em geral', 'mecânico de manutenção de helicópteros', 'técnico de manutenção de aeronaves'];['montador de estruturas de aeronaves'];[];0.6666666666666666;0.4
Técnico em Manutenção Aeronáutica em Célula;0.0;['mecânico de manutenção de sistema hidráulico de aeronaves', 'técnico de manutenção de aeronaves', 'mecânico de manutenção de helicópteros', 'técnico aeronáutico', 'técnico em manutenção de aeronaves em geral'];['montador de estruturas de aeronaves'];[];0.3333333333333333;0.6
Técnico em Manutenção Aeronáutica em Grupo Motopropulsor;0.0;['técnico aeronáutico', 'técnico em manutenção de aeronaves em geral', 'mecânico de manutenção de helicópteros', 'técnico de manutenção de aeronaves'];['montador de estruturas de aeronaves'];[];0.0;0.2
Técnico em Manutenção Automotiva;0.0;['técnico de manutenção de sistemas e instrumentos', 'técnico em automobilística'];['mecânico de manutenção de motores diesel exceto de veículos automotores'];[];0.3333333333333333;0.2
Técnico em Manutenção de Máquinas Industriais;1.0;['mecânico de manutenção de máquinas em geral', 'técnico em manutenção de máquinas'];['mecânico de manutenção de máquinas em geral'];[('mecânico de manutenção de máquinas em geral', 100.0)];0.3333333333333333;0.4
Técnico em Manutenção de Máquinas Navais;0.0;['mecânico de manutenção de motores e equipamentos navais', 'mecânico naval'];['montador de estruturas metálicas de embarcações'];[];0.3333333333333333;0.2
Técnico em Manutenção de Máquinas Pesadas;1.0;['mecânico de manutenção de equipamento de mineração', 'mecânico de manutenção de tratores', 'mecânico de manutenção de máquinas agrícolas', 'mecânico de manutenção de máquinas de construção e terraplenagem', 'mecânico de manutenção de aparelhos de levantamento'];['técnico em manutenção de máquinas'];[('técnico em manutenção de máquinas', 80.0)];0.6666666666666666;0.4
Técnico em Manutenção de Sistemas Metroferroviários;1.0;['mecânico de manutenção de veículos ferroviários'];['mecânico de manutenção de veículos ferroviários'];[('mecânico de manutenção de veículos ferroviários', 100.0)];0.3333333333333333;0.2
Técnico em Manutenção e Suporte em Informática;0.0;['técnico em manutenção de equipamentos de informática', 'técnico de apoio ao usuário de informática helpdesk'];['técnico de suporte ao usuário de tecnologia da informação'];[];0.0;0.0
Técnico em Marketing;0.0;['técnico em atendimento e vendas promotor de vendas especializado'];['diretor de marketing'];[];0.0;0.0
Técnico em Massoterapia;0.0;['massoterapeuta massagista massoprevencionista'];['técnico em agente comunitário de saúde'];[];0.0;0.0
Técnico em Material Bélico;0.0;['mecânico de veículos automotores a diesel exceto tratores encarregado de manutenção elétrica de veículos', 'encarregado de manutenção elétrica de veículos', 'mecânico de manutenção de automóveis motocicletas e veículos similares'];['piloto comercial de helicóptero exceto linhas aéreas'];[];0.3333333333333333;0.4
Técnico em Mecatrônica;1.0;['técnico em mecatrônica robótica', 'técnico em mecatrônica automação da manufatura'];['técnico em mecatrônica automação da manufatura'];[('técnico em mecatrônica automação da manufatura', 100.0)];0.6666666666666666;0.4
Técnico em Mecânica;1.0;['técnico em mecânica de precisão', 'técnico em manutenção de instrumentos de medição e precisão'];['técnico em mecânica de precisão'];[('técnico em mecânica de precisão', 100.0)];0.3333333333333333;0.2
Técnico em Mecânica de Aeronaves ;1.0;['mecânico de manutenção de aeronaves', 'mecânico aeronaves eletricista de instalações aeronaves'];['mecânico de manutenção de aeronaves em geral'];[('mecânico de manutenção de aeronaves em geral', 100.0)];0.6666666666666666;0.6
Técnico em Mecânica de Precisão;1.0;['técnico em mecânica de precisão', 'técnico em manutenção de instrumentos de medição e precisão'];['técnico em mecânica de precisão'];[('técnico em mecânica de precisão', 100.0)];0.6666666666666666;0.4
Técnico em Meio Ambiente;0.0;['técnico em controle de meio ambiente'];['biólogo em meio ambiente e biodiversidade'];[];0.0;0.2
Técnico em Mergulho;0.0;['ocupação ainda não classificada'];['mergulhador profissional raso e profundo'];[];0.0;0.0
Técnico em Metalurgia;0.0;['técnico de laminação em siderurgia', 'técnico de aciaria em siderurgia', 'técnico de refratário em siderurgia', 'técnico de acabamento em siderurgia', 'técnico de planejamento da indústria metalúrgica soldagem', 'técnico de redução na siderurgia primeira fusão'];['forneiro de revérbero'];[];0.0;0.2
Técnico em Meteorologia;0.0;['técnico hidrometrista', 'técnico de meteorologia'];['meteorologista'];[];0.0;0.0
Técnico em Metrologia;0.0;['técnico em calibração metrologista', 'agente fiscal de qualidade', 'agente fiscal metrológico'];['técnico em fotônica'];[];0.3333333333333333;0.2
Técnico em Mineração;1.0;['técnico em processamento mineral exceto petróleo', 'técnico de mineração', 'técnico em planejamento de lavra de minas', 'técnico em pesquisa mineral'];['técnico de mineração'];[('técnico de mineração', 100.0)];1.0;1.0
Técnico em Modelagem do Vestuário;0.0;['modelista de roupas'];['marcador de peças confeccionadas para bordar'];[];0.0;0.0
Técnico em Multimeios Didáticos;0.0;['ocupação ainda não classificada'];['professor de ensino superior na área de prática de ensino'];[];0.0;0.0
Técnico em Multimídia;0.0;['programador de multimídia programador de aplicativos educacionais e de entretenimento programador de internet programador de sistemas de informação programador de cd rom'];['desenvolvedor web técnico'];[];0.0;0.0
Técnico em Museologia;0.0;['técnico de arquivo museologia', 'técnico em museologia colecionador de selos e moedas'];['museólogo'];[];0.0;0.4
Técnico em Móveis;1.0;['técnico do mobiliário', 'desenhista de móveis', 'técnico moveleiro projetista de móveis', 'técnico em móveis fabricação', 'técnico mobiliário', 'técnico em móveis e esquadrias', 'técnico em madeira e mobiliário'];['técnico do mobiliário'];[('técnico do mobiliário', 100.0)];0.3333333333333333;0.2
Técnico em Necropsia;1.0;['agente funerário', 'embalsamador taxidermista'];['embalsamador'];[('embalsamador', 100.0)];0.3333333333333333;0.4
Técnico em Nutrição e Dietética;0.0;['técnico em nutrição'];['nutricionista'];[];0.3333333333333333;0.2
Técnico em Operação de Radar;0.0;['ocupação ainda não classificada'];['técnico em sinalização náutica'];[];0.0;0.0
Técnico em Operação de Sonar;0.0;['ocupação ainda não classificada'];['oficial técnico de inteligência'];[];0.0;0.0
Técnico em Operações de Engenharia Militar;0.0;['ocupação ainda não classificada'];['técnico de estradas'];[];0.0;0.0
Técnico em Optometria;1.0;['técnico optometrista', 'técnico em óptica e optometria contatólogo óptico contatólogo óptico oftálmico óptico optometrista óptico protesista'];['técnico em óptica e optometria'];[('técnico em óptica e optometria', 100.0)];0.3333333333333333;0.2
Técnico em Paisagismo;0.0;['ocupação ainda não classificada'];['decorador de interiores de nível superior'];[];0.0;0.0
Técnico em Panificação;0.0;['auxiliar de padeiro'];['agroecólogo'];[];0.0;0.0
Técnico em Pesca;0.0;['patrão de pesca de alto mar patrão de pesca na navegação interior'];['agroecólogo'];[];0.0;0.0
Técnico em Petroquímica;1.0;['técnico petroquímico', 'técnico de indústria petroquímica', 'técnico de sistemas industriais petroquímica', 'técnico em refinação de petróleo', 'técnico de produção gás combustível', 'técnico de produção em refino de petróleo', 'técnico de processamento industrial petroquímica', 'técnico de processamento em refino de petróleo e gás', 'técnico em processamento mineral', 'técnico de produção petroquímica', 'técnico em petroquímica', 'técnico de processo petroquímico', 'técnico de operação em refino de petróleo e gás'];['técnico químico'];[('técnico químico', 85.71428571428571)];0.3333333333333333;0.4
Técnico em Petróleo e Gás;1.0;['técnico de laboratório de análises físico químicas petróleo', 'técnico de mineração óleo e petróleo', 'analista químico petróleo', 'técnico químico de petróleo', 'técnico de processamento em refino de petróleo e gás', 'técnico de produção na extração de petróleo', 'técnico de análise de óleos e graxas', 'técnico em processamento mineral', 'técnico de operação em refino de petróleo e gás', 'técnico na extração de petróleo e gás natural', 'técnico de produção em refino de petróleo', 'analista de laboratório químico petróleo', 'técnico em exploração de petróleo'];['técnico químico'];[('técnico químico', 100.0)];0.3333333333333333;0.2
Técnico em Planejamento e Controle da Produção;0.0;['técnico de planejamento de produção calculista de produção planejador de produção', 'analista de produção', 'técnico de processo de fabricação', 'analista de programação', 'técnico de programação e controle da produção e expedição', 'analista de pcp', 'técnico de produção', 'técnico de programação de produção', 'técnico programador de controle de produção', 'técnico em análise de controle de produção'];['supervisor das artes gráficas indústria editorial e gráfica'];[];0.3333333333333333;0.2
Técnico em Plásticos;0.0;['técnico em borracha', 'técnico químico plástico', 'técnico de processos plástico', 'técnico em injeção plástico', 'técnico em plástico', 'técnico em laboratório plástico'];['supervisor de fabricação de produtos cerâmicos porcelanatos e afins'];[];0.3333333333333333;0.6
Técnico em Podologia;0.0;['técnico em podologia'];['técnico em agente comunitário de saúde'];[];0.0;0.0
Técnico em Portos;0.0;['analista de exportação e importação conferente portuário', 'despachante aduaneiro chefe de estação portuária', 'agente de estação portuária', 'supervisor de operações portuárias'];['tecnólogo em logística de transporte'];[];0.0;0.0
Técnico em Preparação Física e Desportiva Militar;0.0;['ocupação ainda não classificada'];['treinador profissional de futebol'];[];0.0;0.0
Técnico em Prevenção e Combate a Incêndio;0.0;['supervisor de bombeiros', 'bombeiro de aeródromo bombeiro civil'];['sargento bombeiro militar'];[];0.0;0.2
Técnico em Processamento da Madeira;0.0;['técnico madeireiro', 'técnico em madeira assistente', 'técnico em madeira'];['operador de secagem de madeira'];[];0.3333333333333333;0.2
Técnico em Processos Fotográficos;0.0;['ocupação ainda não classificada'];['iluminador televisão'];[];0.0;0.0
Técnico em Processos Gráficos;1.0;['técnico de arte final supervisores das artes gráficas indústria editorial e gráfica', 'técnico de artes gráficas', 'técnico em programação visual', 'técnico artes gráficas arte finalista', 'técnico gráfico'];['técnico gráfico'];[('técnico gráfico', 100.0)];0.3333333333333333;0.2
Técnico em Produção Cultural;0.0;['ocupação ainda não classificada'];['professor de artes visuais no ensino superior artes plásticas e multimídia'];[];0.0;0.0
Técnico em Produção de Materiais Didáticos Bilíngues em Libras/Língua Portuguesa;0.0;['ocupação ainda não classificada'];['professor de alunos com deficiência auditiva e surdos'];[];0.0;0.0
Técnico em Produção de Moda;0.0;['designer de vitrines vitrinista'];['produtor de moda'];[];0.0;0.0
Técnico em Produção de Áudio e Vídeo;0.0;['técnico em operação de equipamentos de produção para televisão e produtoras de vídeo', 'técnico em gravação de áudio', 'operador de gravação de rádio', 'operador de áudio de continuidade rádio', 'operador de projetor cinematográfico', 'técnico operacional de sistemas de televisão e produtoras de vídeo maquinista de cinema e vídeo editor de tv e vídeo finalizador de vídeo vigilante editor de texto e imagem', 'operador de câmera de televisão', 'técnico em instalação de equipamentos de áudio projetista de sistemas de áudio'];['editor de mídia audiovisual'];[];0.0;0.0
Técnico em Programação de Jogos Digitais;0.0;['programador de multimídia'];['brinquedista'];[];0.0;0.0
Técnico em Prótese Dentária;0.0;['protético dentário'];['técnico de ortopedia'];[];0.3333333333333333;0.2
Técnico em Publicidade;0.0;['ocupação ainda não classificada'];['publicitário'];[];0.0;0.0
Técnico em Qualidade;0.0;['inspetor de qualidade'];['analista de compliance'];[];0.0;0.0
Técnico em Química;1.0;['técnico de sistema de tratamento de água', 'técnico de laboratório industrial', 'técnico químico industrial', 'analista químico', 'técnico de laboratório de análises físico químicas materiais de construção', 'analista de produtos químicos', 'técnico químico de petróleo', 'analista de laboratório químico', 'auxiliar de laboratorista indústria laboratorista de ensaios mecânicos laboratorista de ensaios químicos laboratorista exclusive análises clínicas laboratorista industrial laboratorista químico laboratorista têxtil', 'técnico de ciências químicas', 'técnico químico exclusive análises químicas', 'técnico de indústria química', 'técnico de desenvolvimento de análise química', 'técnico de análise química', 'técnico de laboratório de água e esgotos', 'técnico em petroquímica', 'analista de tratamento de água', 'técnico químico', 'técnico de laboratório exclusive análises clínicas'];['técnico químico'];[('técnico químico', 100.0)];0.3333333333333333;0.2
Técnico em Radiologia;1.0;['técnico em radiologia odontológica', 'técnico em tomografia', 'técnico em mamografia', 'técnico em hemodinâmica', 'técnico de radioterapia', 'técnico em radiologia e imagenologia', 'operador de raio x', 'técnico em radiologia médica', 'técnico em ressonância magnética', 'técnico em radiologia', 'técnico em medicina nuclear'];['tecnólogo em radiologia'];[('tecnólogo em radiologia', 81.81818181818181)];0.6666666666666666;0.4
Técnico em Reciclagem;0.0;['ocupação ainda não classificada'];['biólogo em saúde'];[];0.0;0.0
Técnico em Recursos Humanos;0.0;['agente de recrutamento e seleção assistente administrativo'];['diretor de recursos humanos'];[];0.0;0.0
Técnico em Recursos Pesqueiros;0.0;['técnico em mitilicultura', 'técnico em ranicultura patrão de pesca de alto mar patrão de pesca na navegação interior', 'técnico em piscicultura', 'técnico em carcinicultura'];['agroecólogo'];[];0.0;0.0
Técnico em Redes de Computadores;0.0;['técnico em manutenção de equipamentos de informática', 'técnico de apoio ao usuário de informática helpdesk'];['administrador de redes'];[];0.0;0.0
Técnico em Refrigeração e Climatização;0.0;['mecânico de refrigeração montador de instalação de calefação ventilação e refrigeração', 'técnico de refrigeração instalação'];['técnico de obras civis'];[];0.6666666666666666;0.8
Técnico em Registros e Informações em Saúde;0.0;['registrador de câncer'];['analista de informação em saúde'];[];0.0;0.0
Técnico em Regência;0.0;['ocupação ainda não classificada'];['músico regente'];[];0.0;0.0
Técnico em Rádio e Televisão;0.0;['técnico em operação de equipamentos de produção para televisão e produtoras de vídeo', 'operador de controle mestre rádio', 'operador de central de rádio', 'técnico em instalação de equipamentos de áudio', 'técnico operacional de sistemas de televisão e produtoras de vídeo', 'operador de transmissor de rádio', 'técnico em gravação de áudio', 'técnico em operação de equipamento de exibição de televisão', 'operador de gravação de rádio', 'operador de áudio de continuidade rádio', 'técnico em masterização de áudio projetista de som', 'técnico em mixagem de áudio projetista de sistemas de áudio microfonista dj disc jockey', 'operador de microfone boom man', 'técnico em operação de equipamentos de transmissão recepção de televisão', 'operador de externa rádio', 'técnico em sonorização'];['compositor'];[];0.0;0.0
Técnico em Saneamento;1.0;['técnico de obras de saneamento', 'técnico em hidrometria obras de saneamento', 'técnico de redes de água e esgoto', 'técnico em sondagem obras de saneamento', 'técnico de inspeção e especificação de materiais e equipamentos de obras de saneamento', 'técnico de engenharia de obras de saneamento', 'técnico em planejamento de obras de infra estrutura de saneamento', 'técnico em construção civil obras de saneamento', 'técnico de saneamento assistente'];['técnico de saneamento'];[('técnico de saneamento', 100.0)];0.3333333333333333;0.4
Técnico em Saúde Bucal;1.0;['auxiliar em saúde bucal da estratégia de saúde da família', 'técnico em saúde bucal', 'técnico em saúde bucal da estratégia de saúde da família'];['auxiliar em saúde bucal'];[('auxiliar em saúde bucal', 100.0)];1.0;1.0
Técnico em Secretaria Escolar;0.0;['técnico em secretariado'];['psicopedagogo'];[];0.0;0.0
Técnico em Secretariado;0.0;['técnico em secretariado'];['professor de tecnologia e cálculo técnico'];[];0.0;0.0
Técnico em Segurança do Trabalho;1.0;['técnico em segurança do trabalho', 'técnico em higiene ocupacional', 'técnico em meio ambiente segurança e saúde', 'supervisor de segurança do trabalho', 'técnico em segurança industrial'];['técnico em segurança do trabalho'];[('técnico em segurança do trabalho', 100.0)];0.6666666666666666;0.4
Técnico em Seguros;1.0;['técnico de seguros', 'técnico de resseguros', 'analista de sinistros 351740'];['técnico de seguros'];[('técnico de seguros', 100.0)];0.3333333333333333;0.4
Técnico em Sensores de Aviação;0.0;['ocupação ainda não classificada'];['fiscal de aviação civil fac'];[];0.0;0.0
Técnico em Serviços Jurídicos;0.0;['auxiliar de serviços jurídicos escrevente'];['advogado direito público'];[];0.0;0.0
Técnico em Serviços Públicos;0.0;['ocupação ainda não classificada'];['dirigente do serviço público federal'];[];0.0;0.0
Técnico em Serviços de Restaurante e Bar;0.0;['chefe de bar maître cumim garçom'];['gerente de bar'];[];0.3333333333333333;0.4
Técnico em Sinais Navais;0.0;['ocupação ainda não classificada'];['técnico em sinalização náutica'];[];0.0;0.0
Técnico em Sinalização Náutica;0.0;['ocupação ainda não classificada'];['técnico em sinalização náutica'];[];0.0;0.0
Técnico em Sistemas a Gás;0.0;['encanador industrial instalador de tubulações de gás combustível produção e distribuição'];['supervisor de operação elétrica geração transmissão e distribuição de energia elétrica'];[];0.0;0.0
Técnico em Sistemas de Energia Renovável;0.0;['eletrotécnico produção de energia', 'operador de instalação de produção de energia elétrica'];['operador de central hidrelétrica'];[];0.3333333333333333;0.2
Técnico em Soldagem;0.0;['técnico de planejamento da indústria metalúrgica soldagem brasador', 'operador de máquina de soldar oxicortador a mão e a máquina soldador a oxigás soldador elétrico'];['técnico em estruturas metálicas'];[];0.3333333333333333;0.4
Técnico em Suprimento;0.0;['controlador de entrada e saída'];['operador de abastecimento de combustível de aeronave'];[];0.0;0.0
Técnico em Teatro;0.0;['cenotécnico cinema vídeo televisão teatro e espetáculos construtor de cenários maquinista de cinema e vídeo maquinista de teatro e espetáculos'];['cenógrafo de teatro'];[];0.0;0.0
Técnico em Telecomunicações;1.0;['técnico de telecomunicações telefonia', 'técnico de rede telecomunicações', 'técnico de comunicação de dados', 'inspetor de qualidade instalador reparador de equipamentos de comutação em telefonia', 'técnico de transmissão telecomunicações'];['técnico de telecomunicações telefonia'];[('técnico de telecomunicações telefonia', 100.0)];1.0;1.0
Técnico em Terapias Holísticas;0.0;['terapeuta holístico'];['dançarino tradicional'];[];0.0;0.0
Técnico em Tradução e Interpretação de Libras;0.0;['ocupação ainda não classificada'];['vice presidente da república'];[];0.0;0.0
Técnico em Transações Imobiliárias;1.0;['corretor de imóveis avaliador de imóveis'];['corretor de imóveis'];[('corretor de imóveis', 100.0)];0.6666666666666666;0.6
Técnico em Transporte Aquaviário;0.0;['supervisor de operações portuárias chefe de operações portuárias coordenador de operações portuárias encarregado de operações portuárias chefe de estação portuária', 'agente de estação portuária'];['supervisor de transportes'];[];0.0;0.0
Técnico em Transporte Metroferroviário;0.0;['agente de carga', 'agente de transporte', 'operador de transporte multimodal', 'técnico de operação de transporte', 'analista de transporte multimodal programador de transporte multimodal', 'supervisor de carga e descarga manobrador de ferrovia manobreiro de ferrovia manobreiro de trem'];['operador de centro de controle ferrovia e metrô'];[];0.3333333333333333;0.4
Técnico em Transporte Rodoviário;1.0;['despachante aduaneiro chefe de serviço de transporte rodoviário passageiros e cargas assistente de tráfego rodoviário chefe de departamento de motoristas chefe de serviço de transporte rodoviário coordenador de tráfego rodoviário', 'gerente de frota transporte rodoviário', 'gerente de tráfego rodoviário programador de transporte rodoviário', 'supervisor de tráfego rodoviário'];['chefe de serviço de transporte rodoviário passageiros e cargas'];[('chefe de serviço de transporte rodoviário passageiros e cargas', 100.0)];0.3333333333333333;0.2
Técnico em Transporte de Cargas;0.0;['agente rodoviário controlador de serviço de transporte rodoviário', 'inspetor de serviços de transportes rodoviários passageiros e cargas', 'inspetor de carga e descarga', 'chefe de serviço de transporte rodoviário passageiros e cargas chefe de departamento de motoristas chefe de serviço de transporte rodoviário coordenador de tráfego rodoviário encarregado de tráfego rodoviário', 'gerente de frota transporte rodoviário', 'inspetor de tráfego rodoviário', 'gerente de tráfego rodoviário'];['supervisor de transportes'];[];0.0;0.0
Técnico em Treinamento e Instrução de Cães-Guias;0.0;['adestrador de animais'];['instrutor de mobilidade com cães guia'];[];0.0;0.0
Técnico em Trânsito;0.0;['inspetor de serviços de transportes rodoviários passageiros e cargas', 'gerente de frota transporte rodoviário programador de transporte rodoviário', 'chefe de serviço de transporte rodoviário passageiros e cargas assistente de tráfego rodoviário chefe de departamento de motoristas chefe de serviço de transporte rodoviário coordenador de tráfego rodoviário encarregado de tráfego rodoviário'];['agente de trânsito'];[];0.0;0.0
Técnico em Têxtil;1.0;['agente fiscal têxtil afiador de cardas contramestre de acabamento indústria têxtil contramestre de tecelagem indústria têxtil mestre indústria têxtil e de confecções classificador de fibras têxteis lavador de lã revisor de fios produção têxtil revisor de tecidos acabados', 'técnico têxtil de malharia', 'técnico têxtil de tecelagem colorista têxtil tingidor de fios tingidor de tecidos', 'técnico têxtil de fiação', 'técnico têxtil tratamentos químicos', 'técnico indústria têxtil', 'técnico têxtil preparador de tintas fábrica de tecidos colorista de papel preparador de tintas preparador de tintas fábrica de tecidos tingidor de couros e peles colorista de papel colorista têxtil preparador de tintas tingidor de couros e peles'];['técnico têxtil de tecelagem'];[('técnico têxtil de tecelagem', 100.0)];1.0;1.0
Técnico em Vendas;1.0;['técnico de vendas', 'técnico em atendimento e vendas promotor de vendas representante comercial autônomo'];['representante comercial autônomo'];[('representante comercial autônomo', 100.0)];0.3333333333333333;0.6
Técnico em Vestuário;0.0;['técnico em confecções do vestuário', 'técnico em calçados e artefatos de couro'];['encarregado de costura na confecção do vestuário'];[];0.3333333333333333;0.2
Técnico em Veterinária;1.0;['auxiliar de veterinário'];['auxiliar de veterinário'];[('auxiliar de veterinário', 100.0)];0.3333333333333333;0.2
Técnico em Vidros;0.0;['técnico em materiais produtos cerâmicos e vidros', 'técnico em vidros', 'técnico ceramista', 'técnico em cerâmica'];['supervisor de fabricação de produtos de vidro'];[];0.3333333333333333;0.2
Técnico em Vigilância em Saúde;1.0;['agente sanitarista fiscal de higiene fiscal de obras', 'inspetor de saneamento', 'agente de defesa ambiental', 'inspetor de comercialização de produtos', 'agente de saneamento', 'agente de saúde pública'];['técnico em agente comunitário de saúde'];[('técnico em agente comunitário de saúde', 78.94736842105263)];0.3333333333333333;0.4
Técnico em Viticultura e Enologia;0.0;['técnico em enologia'];['enólogo'];[];0.0;0.0
Técnico em Zootecnia;0.0;['técnico em pecuária'];['médico veterinário'];[];0.0;0.0
Técnico em Óptica;1.0;['técnico optometrista', 'técnico em óptica e optometria contatólogo óptico contatólogo óptico oftálmico óptico optometrista óptico protesista'];['técnico em óptica e optometria'];[('técnico em óptica e optometria', 100.0)];0.3333333333333333;0.2
Técnico em Órteses e Próteses;1.0;['técnico de aparelhos ortopédicos', 'técnico sapateiro ortopédico', 'técnico ortopédico', 'técnico de prótese ortopédica', 'técnico de ortopedia ortesista protesista', 'técnico de prótese e órtese', 'técnico de oficina ortopédica'];['técnico de ortopedia'];[('técnico de ortopedia', 100.0)];0.3333333333333333;0.2
